n,days,seed,coverage_ratio,regime,coverage_mode,z_greedy,feas_greedy,t_greedy,z_sa,feas_sa,t_sa,sa_stop,sa_iters,z_exact,proven,gap_solver,dual_bound,match,n_vars,n_cons,t_exact,ref,dz_greedy,gap_greedy,dz_sa,gap_sa,exact_error,greedy_p_cob,greedy_p_erg,greedy_p_car,greedy_p_gua,greedy_p_cal,greedy_p_over,greedy_pref,sa_p_cob,sa_p_erg,sa_p_car,sa_p_gua,sa_p_cal,sa_p_over,sa_pref,exact_p_cob,exact_p_erg,exact_p_car,exact_p_gua,exact_p_cal,exact_p_over,exact_pref
8,14,0,1.1,bounded,hard,7.618230718103318,False,0.024366874997213017,0.4728487886382623,True,1.5424752500039176,max_iterations,100000,0.44728487886382623,False,0.16025401568920455,0.37560568086883867,True,502,872,300.7627284170012,0.37560568086883867,7.242625037234479,19.28252261914963,0.09724310776942363,0.25889679715302516,,1.0,3.0,101.25,6.0,1.0,13.0,0.0,0.0,4.0,14.75,1.0,1.0,0.0,0.0,0.0,4.0,5.75,2.0,1.0,0.0,0.0
8,14,1,1.1,bounded,hard,20.150806789857157,False,0.038807000004453585,0.6442773600668337,True,2.466965583000274,max_iterations,100000,0.44728487886382623,False,0.16081560244402515,0.3753544916052372,True,494,844,300.76301349999994,0.3753544916052372,19.77545229825192,52.68473600430468,0.26892286846159646,0.7164503808427166,,3.0,2.0,130.75,6.0,2.0,20.0,0.0,0.0,4.0,32.75,1.0,1.0,0.0,0.0,0.0,4.0,5.75,2.0,1.0,0.0,0.0
8,14,2,1.1,bounded,hard,0.7088995470290435,True,0.028697874993667938,0.4501865174527045,True,1.610212125000544,max_iterations,100000,0.4501865174527045,False,0.20599672531476046,0.3574490807592941,True,510,880,300.26949608299765,0.3574490807592941,0.35145046626974935,0.9832182685242818,0.09273743669341039,0.2594423700752491,,0.0,4.0,27.75,4.0,1.0,0.0,0.0,0.0,4.0,16.5,1.0,1.0,0.0,0.0,0.0,4.0,16.5,1.0,1.0,0.0,0.0
8,14,3,1.1,certified,hard,1.5201326043237808,False,0.042624708999937866,0.4517094017094017,True,1.8663339580016327,max_iterations,100000,0.41551030668677724,True,0.0,0.415510306686777,True,498,853,4.811796500005585,0.41551030668677724,1.1046222976370035,2.6584714743783655,0.03619909502262447,0.08711960796176427,,0.0,4.0,106.0,5.0,2.0,40.0,0.0,0.0,4.0,28.0,0.0,1.0,0.0,0.0,0.0,4.0,4.0,2.0,1.0,0.0,0.0
8,14,4,1.1,bounded,hard,1.3998253480548895,False,0.05389504099730402,0.500452970956568,True,1.9318958340008976,max_iterations,100000,0.4501865174527045,False,0.2234747669692327,0.3495811750130861,True,498,863,300.3807169169959,0.3495811750130861,1.0502441730418033,3.004292702553245,0.15087179594348193,0.4315787197003221,,0.0,4.0,80.5,5.0,2.0,23.0,0.0,0.0,4.0,15.25,2.0,1.0,0.0,0.0,0.0,4.0,16.5,1.0,1.0,0.0,0.0
8,14,0,1.3,certified,hard,25.40881541543558,False,0.0427152499978547,0.4576867333691467,True,1.8154656249971595,max_iterations,100000,0.409779299847793,True,7.265739970886012e-05,0.4097495263494114,True,502,872,93.40026845800458,0.409779299847793,24.99903611558779,61.0060979773096,0.04790743352135374,0.11691033085162747,,4.0,4.0,105.25,6.0,2.0,20.0,0.0,0.0,4.0,19.75,1.0,1.0,28.0,0.0,0.0,4.0,21.0,0.0,1.0,32.0,0.0
8,14,1,1.3,certified,hard,37.59986235096366,False,0.06825254199793562,0.3758357915437562,True,1.9074682080026832,max_iterations,100000,0.3758357915437562,True,0.0,0.37583578152174535,True,494,844,0.06517033399723005,0.3758357915437562,37.224026559419904,99.04332529512732,0.0,0.0,,6.0,2.0,151.5,6.0,2.0,20.0,0.0,0.0,4.0,14.0,0.0,1.0,32.0,0.0,0.0,4.0,14.0,0.0,1.0,32.0,0.0
8,14,2,1.3,certified,hard,13.186721158589222,True,0.03136170899961144,0.42513102725366875,True,1.644532958001946,max_iterations,100000,0.41394553890738683,True,0.0,0.41394553890738683,True,510,880,1.486428000003798,0.41394553890738683,12.772775619681836,30.856174107820312,0.011185488346281913,0.02702164245037189,,2.0,4.0,73.0,5.0,2.0,20.0,0.0,0.0,4.0,28.0,0.0,1.0,16.0,0.0,0.0,4.0,4.0,2.0,1.0,4.0,0.0
8,14,3,1.3,certified,hard,37.59986235096366,False,0.07466329199814936,0.4518399072387067,True,2.084698541999387,max_iterations,100000,0.3758357915437562,True,3.090457247491475e-08,0.3758357699067032,True,498,853,0.9756888330011861,0.3758357915437562,37.224026559419904,99.04332529512732,0.07600411569495052,0.20222692304732728,,6.0,2.0,151.5,6.0,2.0,20.0,0.0,0.0,4.0,17.0,1.0,1.0,35.0,0.0,0.0,4.0,14.0,0.0,1.0,32.0,0.0
8,14,4,1.3,certified,hard,61.954801360769935,False,0.05265225000039209,0.6224582375354271,True,1.9152925410016906,max_iterations,100000,0.3758357915437562,True,2.735184876418611e-08,0.3758357812639523,True,498,863,0.8216455000001588,0.3758357915437562,61.57896556922618,163.84539991864222,0.24662244599167088,0.6561973381477645,,10.0,2.0,219.5,6.0,2.0,20.0,0.0,0.0,4.0,40.5,2.0,1.0,41.0,0.0,0.0,4.0,14.0,0.0,1.0,32.0,0.0
8,14,0,1.5,certified,hard,31.46570029753195,True,0.051891957999032456,0.5245897503902058,True,1.9599882080001407,max_iterations,100000,0.45482483416252073,True,0.0,0.45482479955936456,True,502,872,0.18469004200596828,0.45482483416252073,31.01087546336943,68.18201895345152,0.0697649162276851,0.1533885377128644,,5.0,4.0,135.0,6.0,2.0,40.0,0.0,0.0,4.0,25.0,1.0,1.0,77.0,0.0,0.0,4.0,28.0,0.0,1.0,60.0,0.0
8,14,1,1.5,certified,soft,67.2228799859183,False,0.04135254200082272,6.789308741598458,True,1.773836125001253,max_iterations,100000,6.419626708245902,True,0.0,6.419626708245902,True,518,844,0.14140729200153146,6.419626708245902,60.8032532776724,9.471462444938059,0.36968203335255634,0.05758621959711552,,11.0,0.0,215.0,4.0,0.5,0.0,0.0,1.0,3.0,23.5,2.0,2.0,74.0,0.0,1.0,3.0,12.25,0.0,1.0,81.0,0.0
8,14,2,1.5,certified,hard,31.439621922990785,True,0.03885616600018693,0.44180735153256706,True,1.8050607080003829,max_iterations,100000,0.44180735153256706,True,3.970547177950716e-08,0.44180733399039773,True,510,880,1.3251478750025854,0.44180735153256706,30.997814571458218,70.16138247571298,0.0,0.0,,5.0,4.0,126.5,6.0,2.0,34.0,0.0,0.0,4.0,26.25,0.0,1.0,53.0,0.0,0.0,4.0,26.25,0.0,1.0,53.0,0.0
8,14,3,1.5,certified,hard,43.52547952638767,False,0.06713699999818346,0.5469778100916983,True,2.0197756249981467,max_iterations,100000,0.45482483416252073,True,5.2833198809700385e-08,0.45482481013266984,True,498,853,0.4333582920007757,0.45482483416252073,43.07065469222515,94.6972360722829,0.0921529759291776,0.20261201457669073,,7.0,2.0,158.0,6.0,2.0,20.0,0.0,0.0,4.0,31.0,1.0,1.0,77.0,0.0,0.0,4.0,28.0,0.0,1.0,60.0,0.0
8,14,4,1.5,certified,hard,61.81324658901518,False,0.04913645899796393,0.52134471816942,True,1.891724458000681,max_iterations,100000,0.41479522090988624,True,4.360133313339515e-08,0.4147952028242616,True,498,863,0.14014262500131736,0.41479522090988624,61.39845136810529,148.02111565659536,0.10654949725953372,0.25687252863186066,,10.0,2.0,212.5,6.0,2.0,20.0,0.0,0.0,4.0,27.5,1.0,1.0,63.0,0.0,0.0,4.0,21.0,0.0,1.0,46.0,0.0
8,21,0,1.1,bounded,hard,0.9195924691206989,True,0.07143966600415297,0.46477199612139664,True,2.073199874997954,max_iterations,110400,0.3076681709847846,False,0.18340255761039972,0.25124104153086124,True,762,1301,300.59807100000035,0.25124104153086124,0.6683514275898377,2.6602000354617243,0.2135309545905354,0.8499047499940661,,0.0,6.0,54.5,7.0,2.0,6.0,0.0,0.0,6.0,35.75,2.0,1.0,0.0,0.0,0.0,6.0,7.0,2.0,1.0,0.0,0.0
8,21,1,1.1,bounded,hard,25.503661616161615,False,0.0713031669947668,0.46725589225589226,True,1.919671625000774,max_iterations,105600,0.46725589225589226,False,0.14267699513601093,0.4005892255892258,True,750,1256,300.42205866600125,0.4005892255892258,25.10307239057239,62.66537087623447,0.06666666666666649,0.166421517125446,,4.0,3.0,128.0,7.0,3.0,0.0,0.0,0.0,6.0,16.0,1.0,2.0,0.0,0.0,0.0,6.0,16.0,1.0,2.0,0.0,0.0
8,21,2,1.1,bounded,hard,1.0057014167782239,True,0.08206854200398084,0.37523650156180277,True,2.1339867920032702,max_iterations,115200,0.31632083891120033,False,0.060393221994087386,0.29721720426548015,True,774,1316,300.70649545799824,0.29721720426548015,0.7084842125127437,2.3837254450449374,0.07801929729632262,0.2624992637594232,,0.0,6.0,63.5,7.0,2.0,6.0,0.0,0.0,6.0,17.5,2.0,1.0,0.0,0.0,0.0,6.0,21.0,0.0,1.0,0.0,0.0
8,21,3,1.1,bounded,hard,7.714222110941052,False,0.06811495900183218,0.42921514793038706,True,1.9203071250012727,max_iterations,108000,0.42921514793038706,False,0.07067441751764376,0.39888061736065755,True,756,1271,300.23429229199974,0.39888061736065755,7.315341493580394,18.33967652272773,0.030334530569729512,0.07604914666059548,,1.0,6.0,184.5,8.0,3.0,60.0,0.0,0.0,6.0,11.25,1.0,2.0,0.0,0.0,0.0,6.0,11.25,1.0,2.0,0.0,0.0
8,21,4,1.1,bounded,hard,19.126322758098745,False,0.09322249999968335,0.4764501709718617,True,2.110603875000379,max_iterations,108000,0.42921514793038706,False,0.06533887953511065,0.4011707110851187,True,756,1286,300.14361108299636,0.4011707110851187,18.725152047013626,46.67626905355163,0.075279459886743,0.1876494415136167,,3.0,3.0,107.75,7.0,2.0,6.0,0.0,0.0,6.0,21.5,1.0,2.0,0.0,0.0,0.0,6.0,11.25,1.0,2.0,0.0,0.0
8,21,0,1.3,certified,hard,31.016277018825253,True,0.1294034169986844,0.4314628372716608,True,2.242096207999566,max_iterations,110400,0.28331468912351265,True,2.4431785371809487e-08,0.2833146822016288,True,762,1301,1.8469698749977397,0.28331468912351265,30.732962329701742,108.47641689451383,0.14814814814814814,0.5229102261039564,,5.0,6.0,111.25,7.0,2.0,18.0,0.0,0.0,6.0,12.0,1.0,2.0,20.0,0.0,0.0,6.0,12.0,1.0,1.0,20.0,0.0
8,21,1,1.3,certified,hard,43.47464973351138,False,0.13766729100461816,0.4314628372716608,True,2.2176767909986665,max_iterations,105600,0.4314628372716608,True,3.653974175491017e-08,0.43146282150612003,True,750,1256,13.017150542000309,0.4314628372716608,43.04318689623972,99.76105281377582,0.0,0.0,,7.0,3.0,196.75,8.0,3.0,30.0,0.0,0.0,6.0,12.0,1.0,2.0,20.0,0.0,0.0,6.0,12.0,1.0,2.0,20.0,0.0
8,21,2,1.3,certified,hard,24.954795014590953,True,0.11499525000544963,0.28331468912351265,True,2.2780090419983026,max_iterations,115200,0.28331468912351265,True,3.134405839738368e-08,0.2833146802432803,True,774,1316,12.85702716599917,0.28331468912351265,24.671480325467442,87.0815431483391,0.0,0.0,,4.0,6.0,94.25,7.0,2.0,18.0,0.0,0.0,6.0,12.0,1.0,1.0,20.0,0.0,0.0,6.0,12.0,1.0,1.0,20.0,0.0
8,21,3,1.3,certified,hard,55.595695684297,False,0.1141969579985016,0.44265154746756125,True,2.0877905419984017,max_iterations,108000,0.44265154746756125,True,0.0,0.4426515433051379,True,756,1271,1.0264281669951743,0.44265154746756125,55.153044136829436,124.596975775559,0.0,0.0,,9.0,3.0,227.25,9.0,3.0,30.0,0.0,0.0,6.0,14.25,1.0,2.0,27.0,0.0,0.0,6.0,14.25,1.0,2.0,27.0,0.0
8,21,4,1.3,bounded,hard,61.667160588029766,False,0.10523054200166371,0.4347651272248942,True,2.2159873330019764,max_iterations,108000,0.43103663110946683,False,0.048513106460428286,0.4101257051361089,True,756,1286,300.8917586249954,0.4101257051361089,61.257034882893656,149.36160819903793,0.02463942208878528,0.06007773173010008,,10.0,4.0,242.5,8.0,3.0,30.0,0.0,0.0,6.0,15.0,1.0,2.0,12.0,0.0,0.0,6.0,3.0,2.0,2.0,6.0,0.0
8,21,0,1.5,certified,hard,49.46458628671955,True,0.07536241700290702,0.5972597593098636,True,1.9640864159955527,max_iterations,110400,0.35540792909801794,True,4.994143916462165e-08,0.3554079113484342,True,762,1301,26.640224624999973,0.35540792909801794,49.10917835762153,138.1769351129972,0.2418518302118457,0.6804908118556505,,8.0,6.0,207.5,9.0,3.0,60.0,0.0,0.0,6.0,33.5,2.0,2.0,114.0,0.0,0.0,6.0,17.25,1.0,1.0,97.0,0.0
8,21,1,1.5,certified,soft,85.16793790164252,False,0.16304400000080932,12.556343180146705,True,2.1291203329965356,max_iterations,105600,6.505802229356252,True,3.221486646241467e-09,6.5058022228287875,True,786,1256,1.3572065420012223,6.505802229356252,78.66213567228627,12.091073921266412,6.050540950790452,0.9300222689660752,,14.0,1.0,275.25,6.0,1.0,15.0,0.0,2.0,4.0,26.25,2.0,2.0,87.0,0.0,1.0,5.0,14.25,1.0,2.0,108.0,0.0
8,21,2,1.5,certified,hard,49.12686264064813,True,0.13407620799989672,0.3259305583630932,True,2.40432529199461,max_iterations,115200,0.3259305583630932,True,3.056842705905572e-08,0.3259305483999085,True,774,1316,5.510867999997572,0.3259305583630932,48.80093208228504,149.72800441718576,0.0,0.0,,8.0,5.0,152.0,8.0,2.0,26.0,0.0,0.0,6.0,12.0,1.0,1.0,76.0,0.0,0.0,6.0,12.0,1.0,1.0,76.0,0.0
8,21,3,1.5,bounded,hard,67.53113548199528,False,0.12248679200274637,6.677870341700457,True,2.1316995000015595,max_iterations,108000,0.503556077246166,False,0.03135693047217296,0.4877661043431176,True,756,1271,300.9100918749973,0.4877661043431176,67.04336937765216,137.44983257485782,6.190104237357339,12.690722422571062,,11.0,3.0,243.75,9.0,3.0,30.0,0.0,1.0,6.0,43.5,3.0,2.0,124.0,0.0,0.0,6.0,17.25,1.0,2.0,97.0,0.0
8,21,4,1.5,certified,hard,91.83052283740038,False,0.07117816599929938,0.4871478263022381,True,1.8454272500021034,max_iterations,108000,0.4711050455535749,True,3.952639653617204e-08,0.47110502693248985,True,756,1286,7.030280250000942,0.4711050455535749,91.35941779184681,193.92578927804595,0.016042780748663166,0.034053510782954995,,15.0,3.0,320.5,9.0,3.0,30.0,0.0,0.0,6.0,21.0,1.0,2.0,62.0,0.0,0.0,6.0,15.0,1.0,2.0,62.0,0.0
8,28,0,1.1,bounded,hard,0.6774757406336354,True,0.1667684170024586,0.41694942484416164,True,2.837891999995918,max_iterations,147200,0.3732150890045627,False,0.16121569657288176,0.31304695845918196,True,1022,1730,300.60201049999887,0.31304695845918196,0.3644287821744534,1.1641345565795398,0.10390246638497969,0.3319069665981996,,0.0,8.0,37.0,8.0,2.0,0.0,0.0,0.0,8.0,26.5,1.0,2.0,0.0,0.0,0.0,8.0,11.0,2.0,2.0,0.0,0.0
8,28,1,1.1,bounded,hard,37.62951819175935,False,0.12346291600260884,0.38123513912987594,True,2.690759083001467,max_iterations,140800,0.3732150890045627,False,0.1219735746138467,0.3276927104988511,True,1006,1668,300.7606918329984,0.3276927104988511,37.3018254812605,113.83172187283452,0.05354242863102482,0.1633921869959098,,6.0,3.0,202.0,9.0,3.0,0.0,0.0,0.0,8.0,19.0,1.0,2.0,0.0,0.0,0.0,8.0,11.0,2.0,2.0,0.0,0.0
8,28,2,1.1,bounded,hard,1.0543763254289569,True,0.12669574999745237,0.17329863119336802,True,2.9713517500058515,max_iterations,153600,0.15099286678234047,False,0.37240381372110376,0.09476254734791437,True,1038,1752,300.50733220799884,0.09476254734791437,0.9596137780810425,10.126508889191049,0.07853608384545366,0.8287671241794891,,0.0,8.0,86.5,9.0,3.0,0.0,0.0,0.0,8.0,22.0,1.0,0.0,0.0,0.0,0.0,8.0,11.0,2.0,0.0,0.0,0.0
8,28,3,1.1,bounded,hard,7.5561995001068745,False,0.15159208299883176,0.38469122138186884,True,2.8195149169987417,max_iterations,144000,0.34512287605812786,False,0.12955577598518095,0.30041021404017954,True,1014,1689,301.02480708299845,0.30041021404017954,7.255789286066695,24.152938039238045,0.0842810073416893,0.2805530684466568,,1.0,7.0,205.0,10.0,4.0,56.0,0.0,0.0,8.0,18.0,2.0,2.0,0.0,0.0,0.0,8.0,7.0,2.0,2.0,0.0,0.0
8,28,4,1.1,bounded,hard,13.593942948111227,False,0.10492429100122536,0.37250172006717147,True,2.7009740409994265,max_iterations,144000,0.33971483482126985,False,0.021173070105295105,0.33252202880779025,True,1014,1709,300.7789945830009,0.33252202880779025,13.261420919303436,39.88133046959429,0.03997969125938122,0.12023170736303587,,2.0,7.0,192.0,10.0,4.0,22.0,0.0,0.0,8.0,20.0,1.0,2.0,0.0,0.0,0.0,8.0,12.0,1.0,2.0,0.0,0.0
8,28,0,1.3,certified,hard,30.991270239670047,True,0.1330753750007716,0.28267866476049924,True,2.8245253330023843,max_iterations,147200,0.28267866476049924,True,1.0203912703425931e-08,0.2826786618760707,True,1022,1730,0.44224204200145323,0.28267866476049924,30.708591574909548,108.63427418877735,0.0,0.0,,5.0,8.0,116.75,10.0,3.0,16.0,0.0,0.0,8.0,7.0,0.0,2.0,8.0,0.0,0.0,8.0,7.0,0.0,2.0,8.0,0.0
8,28,1,1.3,certified,hard,67.58067291684453,False,0.18788216700340854,0.3464659066789512,True,3.010173874994507,max_iterations,140800,0.26589209401709396,True,0.0,0.2658920940170939,True,1006,1668,0.0443890829992597,0.26589209401709396,67.31478082282744,253.16578543512406,0.08057381266185726,0.30303199859969226,,11.0,4.0,293.0,11.0,4.0,40.0,0.0,0.0,8.0,17.0,1.0,2.0,25.0,0.0,0.0,8.0,0.0,0.0,2.0,8.0,0.0
8,28,2,1.3,certified,hard,37.09587458248546,True,0.13672666699858382,0.27704816082056294,True,3.111016832997848,max_iterations,153600,0.07664943724344102,True,0.0,0.07664943724344098,True,1038,1752,0.08868908300064504,0.07664943724344102,37.01922514524202,482.9679965903441,0.2003987235771219,2.614483951664893,,6.0,8.0,158.5,10.0,3.0,32.0,0.0,0.0,9.0,29.25,1.0,1.0,39.0,0.0,0.0,8.0,12.25,0.0,0.0,15.0,0.0
8,28,3,1.3,certified,hard,73.58403571957409,False,0.13908945800358197,0.3229518828298794,True,2.9050647910044063,max_iterations,144000,0.3229518828298794,True,9.39334474820769e-09,0.3229518797962809,True,1014,1689,0.4005544999963604,0.3229518828298794,73.2610838367442,226.8482945347489,0.0,0.0,,12.0,5.0,299.5,11.0,4.0,40.0,0.0,0.0,8.0,21.0,0.0,2.0,22.0,0.0,0.0,8.0,21.0,0.0,2.0,22.0,0.0
8,28,4,1.3,certified,hard,73.65942191934954,False,0.17516983299719868,0.28267866476049924,True,3.013285332999658,max_iterations,144000,0.28267866476049924,True,2.2268973971958975e-08,0.2826786584655353,True,1014,1709,0.11462787500204286,0.28267866476049924,73.37674325458904,259.57651709143954,0.0,0.0,,12.0,5.0,314.5,11.0,4.0,45.0,0.0,0.0,8.0,7.0,0.0,2.0,8.0,0.0,0.0,8.0,7.0,0.0,2.0,8.0,0.0
8,28,0,1.5,certified,hard,61.36863602524281,True,0.14731995799957076,0.40686704791642314,True,3.0343263340037083,max_iterations,147200,0.3520412748614544,True,0.0,0.35204124096407746,True,1022,1730,1.1708453749961336,0.3520412748614544,61.01659475038135,173.32227527693843,0.05482577305496872,0.15573677568502545,,10.0,8.0,225.5,12.0,4.0,67.0,0.0,0.0,8.0,17.0,1.0,2.0,130.0,0.0,0.0,8.0,7.0,0.0,2.0,120.0,0.0
8,28,1,1.5,certified,soft,127.19753218459101,False,0.29039037500479026,6.455384747900066,True,3.101302457995189,max_iterations,140800,6.37654938136709,True,4.989874890073141e-10,6.3765493781852705,True,1054,1668,0.3964867500035325,6.37654938136709,120.82098280322393,18.947705973433663,0.07883536653297618,0.012363327219474054,,21.0,0.0,413.0,7.0,1.0,0.0,0.0,1.0,7.0,26.0,2.0,2.0,134.0,0.0,1.0,7.0,17.5,0.0,2.0,127.0,0.0
8,28,2,1.5,certified,hard,67.22747999575743,True,0.1888172500039218,0.4198949218005062,True,3.2446846249949886,max_iterations,153600,0.14340646183318598,True,3.506631542515976e-08,0.1434064388371971,True,1038,1752,5.4672877920020255,0.14340646183318598,67.08407353392425,467.78975421594424,0.2764884599673202,1.9280055893781032,,11.0,7.0,229.0,11.0,3.0,44.0,0.0,0.0,8.0,14.0,2.0,2.0,113.0,0.0,0.0,8.0,14.0,0.0,0.0,120.0,0.0
8,28,3,1.5,certified,hard,91.56979541102298,False,0.2434937500001979,6.427247104336528,True,2.9507129170015105,max_iterations,144000,0.3520412748614544,True,4.698495275179768e-08,0.3520412694394393,True,1014,1689,0.13992408399644773,0.3520412748614544,91.21775413616153,259.1109641108424,6.075205829475074,17.25708393672295,,15.0,4.0,334.75,12.0,4.0,40.0,0.0,1.0,8.0,14.75,2.0,2.0,113.0,0.0,0.0,8.0,7.0,0.0,2.0,120.0,0.0
8,28,4,1.5,certified,hard,127.8638704706944,False,0.13596041699929629,0.4182590054148867,True,2.863326833998144,max_iterations,144000,0.36841751193126565,True,0.0,0.3684174880441508,True,1014,1709,0.32630691699887393,0.36841751193126565,127.49545295876312,346.06241242557843,0.04984149348362105,0.1352853538974005,,21.0,4.0,443.75,12.0,4.0,40.0,0.0,0.0,8.0,21.75,2.0,2.0,85.0,0.0,0.0,8.0,26.25,0.0,2.0,85.0,0.0
10,14,0,1.1,bounded,hard,1.1307714657083874,False,0.07527445899904706,0.44778856691388236,True,2.050197875003505,max_iterations,100000,0.42945383184239394,False,0.15160902871321916,0.36434475351959816,True,624,1087,300.4147102920033,0.36434475351959816,0.7664267121887892,2.103575541530511,0.0834438133942842,0.22902433090695168,,0.0,4.0,97.19999999999999,5.0,1.0,0.0,0.0,0.0,4.0,20.80000000000001,1.0,1.0,0.0,0.0,0.0,4.0,7.000000000000057,2.0,1.0,0.0,0.0
10,14,1,1.1,bounded,hard,7.118193025198912,False,0.0685853750037495,0.44778856691388236,True,1.776862250000704,max_iterations,100000,0.42945383184239394,False,0.14585185980691495,0.36681712418244894,True,620,1058,300.67633087500144,0.36681712418244894,6.751375901016463,18.405290963620434,0.08097144273143342,0.22074062903115593,,1.0,3.0,94.39999999999998,5.0,1.0,0.0,0.0,0.0,4.0,20.80000000000001,1.0,1.0,0.0,0.0,0.0,4.0,7.000000000000057,2.0,1.0,0.0,0.0
10,14,2,1.1,bounded,hard,1.1307714657083874,False,0.056986374998814426,0.4558345439253768,True,1.7363315839975257,max_iterations,100000,0.42945383184239394,False,0.14519716018530043,0.3670983334325627,True,632,1085,300.88867654099886,0.3670983334325627,0.7636731322758247,2.0802958300983794,0.0887362104928141,0.2417232725168862,,0.0,4.0,97.19999999999999,5.0,1.0,0.0,0.0,0.0,4.0,22.200000000000045,1.0,1.0,0.0,0.0,0.0,4.0,7.000000000000057,2.0,1.0,0.0,0.0
10,14,3,1.1,bounded,hard,1.6452769866452581,False,0.049264458000834566,0.44778856691388236,True,1.6128032919950783,max_iterations,100000,0.42945383184239394,False,0.1449835236057041,0.36719010207591185,True,620,1058,301.3008652089993,0.36719010207591185,1.2780868845693463,3.48072259394704,0.08059846483797051,0.2195006466195753,,0.0,4.0,132.39999999999998,6.0,2.0,23.0,0.0,0.0,4.0,20.80000000000001,1.0,1.0,0.0,0.0,0.0,4.0,7.000000000000057,2.0,1.0,0.0,0.0
10,14,4,1.1,bounded,hard,1.5616922165303155,False,0.0432932079929742,0.4558345439253768,True,1.565635958002531,max_iterations,100000,0.42945383184239394,False,0.14678216881655423,0.3664176669979874,True,624,1077,301.05940591700346,0.3664176669979874,1.195274549532328,3.2620549094290623,0.08941687692738942,0.24402992808717533,,0.0,4.0,118.39999999999998,6.0,2.0,20.0,0.0,0.0,4.0,22.200000000000045,1.0,1.0,0.0,0.0,0.0,4.0,7.000000000000057,2.0,1.0,0.0,0.0
10,14,0,1.3,bounded,hard,25.561171852911514,False,0.04969683299714234,0.4321529667936853,True,1.6206897079973714,max_iterations,100000,0.41703320631464347,False,0.20103518056046474,0.33319486038346957,True,624,1087,300.4543706669938,0.33319486038346957,25.227976992528045,75.71538457554087,0.09895810641021574,0.29699769767254564,,4.0,4.0,128.0,6.0,2.0,20.0,0.0,0.0,4.0,21.0,1.0,1.0,0.0,0.0,0.0,4.0,6.0,2.0,1.0,0.0,0.0
10,14,1,1.3,bounded,hard,13.471626437596385,False,0.0811822910036426,0.45382948060183315,True,1.8812681670024176,max_iterations,100000,0.42459676024672854,False,0.11356237092916806,0.3763785723959653,True,620,1058,301.0302649590012,0.3763785723959653,13.095247865200419,34.7927560855502,0.07745090820586786,0.20577927088895595,,2.0,4.0,108.0,6.0,2.0,23.0,0.0,0.0,4.0,24.0,1.0,1.0,0.0,0.0,0.0,4.0,7.0,2.0,1.0,0.0,0.0
10,14,2,1.3,bounded,hard,13.331465155872435,False,0.05623662500147475,0.41507567210769497,True,1.6550242919984157,max_iterations,100000,0.41507567210769497,False,0.1501364365400082,0.3527576898029968,True,632,1085,300.1641437079961,0.3527576898029968,12.978707466069437,36.79213193996594,0.06231798230469815,0.17665945805320538,,2.0,4.0,89.80000000000001,6.0,2.0,20.0,0.0,0.0,4.0,18.19999999999999,1.0,1.0,0.0,0.0,0.0,4.0,18.19999999999999,1.0,1.0,0.0,0.0
10,14,3,1.3,bounded,hard,7.6734629017134965,False,0.10882791699987138,0.44348572429497285,True,2.1378066670004046,max_iterations,100000,0.44348572429497285,False,0.08664365590133745,0.4050604998020038,True,620,1058,300.4557741669996,0.4050604998020038,7.268402401911493,17.943992083810528,0.038425224492969035,0.09486292667824074,,1.0,4.0,131.79999999999998,6.0,2.0,40.0,0.0,0.0,4.0,20.0,1.0,1.0,0.0,0.0,0.0,4.0,20.0,1.0,1.0,0.0,0.0
10,14,4,1.3,bounded,hard,25.432261904761905,False,0.07539529199857498,0.36965367965367946,True,1.8829462499998044,max_iterations,100000,0.36965367965367946,False,0.06490983606906253,0.3456595199050336,True,624,1077,300.7656343749986,0.3456595199050336,25.08660238485687,72.57604937873303,0.023994159748645882,0.0694155906807891,,4.0,4.0,115.20000000000005,6.0,2.0,20.0,0.0,0.0,4.0,9.599999999999966,1.0,1.0,0.0,0.0,0.0,4.0,9.599999999999966,1.0,1.0,0.0,0.0
10,14,0,1.5,bounded,hard,73.30464080229262,False,0.06345787499594735,6.511676815649487,True,1.7448755000004894,max_iterations,100000,0.5016768156494877,False,0.03497044133165657,0.48413295600036493,True,624,1087,301.53757354100526,0.48413295600036493,72.82050784629226,150.4142755492096,6.027543859649122,12.450182919678326,,12.0,2.0,217.99999999999997,5.0,1.0,0.0,0.0,1.0,4.0,32.0,1.0,1.0,78.0,0.0,0.0,4.0,32.0,1.0,1.0,78.0,0.0
10,14,1,1.5,bounded,soft,73.56817674701078,False,0.055106708001403604,6.550873911667327,True,1.536222832997737,max_iterations,100000,6.475697422351055,False,0.0032060941675083826,6.454935726614706,True,644,1058,301.03947945899563,6.454935726614706,67.11324102039607,10.39719741029763,0.09593818505262064,0.014862763800583257,,12.0,3.0,227.20000000000005,6.0,2.0,20.0,0.0,1.0,3.0,16.80000000000001,2.0,1.0,119.0,0.0,1.0,3.0,11.400000000000034,1.0,1.0,116.0,0.0
10,14,2,1.5,certified,hard,61.43039233127921,False,0.06139904200244928,0.489245716028765,True,1.6677298750000773,max_iterations,100000,0.4728073598643814,True,2.8393509815601742e-09,0.4728073535603189,True,632,1085,3.1901401670038467,0.4728073598643814,60.957584971414825,128.926895276968,0.016438356164383605,0.03476755558352292,,10.0,3.0,196.0,5.0,2.0,20.0,0.0,0.0,4.0,20.0,1.0,1.0,105.0,0.0,0.0,4.0,14.0,1.0,1.0,105.0,0.0
10,14,3,1.5,certified,soft,85.64350862738794,False,0.13251420899905497,12.586799560592665,True,2.08352316699893,max_iterations,100000,12.494492437638991,True,2.2736857610991284e-05,12.494208352143513,True,644,1058,9.975341291996301,12.494492437638991,73.14901618974895,5.85450081744749,0.09230712295367383,0.007387824948823335,,14.0,2.0,264.79999999999995,6.0,2.0,20.0,0.0,2.0,4.0,27.19999999999999,2.0,1.0,112.0,0.0,2.0,2.0,17.19999999999999,1.0,1.0,122.0,0.0
10,14,4,1.5,bounded,soft,79.28255643099476,False,0.12272733300051186,6.588020459600484,True,1.9839310419993126,max_iterations,100000,6.475697422351055,False,0.001566143639255239,6.465555550023298,True,648,1077,301.2248436669979,6.465555550023298,72.81700088097146,11.26229607302795,0.12246490957718592,0.018941127120428905,,13.0,2.0,235.00000000000006,5.0,1.0,0.0,0.0,1.0,4.0,33.80000000000001,2.0,1.0,102.0,0.0,1.0,3.0,11.400000000000034,1.0,1.0,116.0,0.0
10,21,0,1.1,bounded,hard,6.965366103927921,False,0.10535916600201745,0.3136214967165346,True,2.3961602080016746,max_iterations,136800,0.29369812506902504,False,0.16768961655623998,0.24444799909291348,True,948,1621,300.40291454100225,0.24444799909291348,6.7209181048350075,27.49426515976684,0.06917349762362113,0.28297837527943365,,1.0,5.0,89.0,7.0,2.0,0.0,0.0,0.0,6.0,23.0,1.0,1.0,0.0,0.0,0.0,6.0,17.80000000000001,1.0,1.0,0.0,0.0
10,21,1,1.1,certified,hard,7.132022257558423,False,0.1657603750063572,0.4651366482316861,True,2.594892000000982,max_iterations,134400,0.29369812506902504,True,7.337412432763088e-08,0.2936981035191822,True,942,1576,9.163325999994413,0.29369812506902504,6.838324132489397,23.283513065949098,0.17143852316266106,0.5837235873479598,,1.0,5.0,120.80000000000001,8.0,2.0,6.0,0.0,0.0,6.0,23.0,1.0,2.0,0.0,0.0,0.0,6.0,17.80000000000001,1.0,1.0,0.0,0.0
10,21,2,1.1,bounded,hard,6.965366103927921,False,0.16836179200618062,0.4651366482316861,True,2.7293068329963717,max_iterations,141600,0.29369812506902504,False,0.09653616418147595,0.26534563464756983,True,960,1621,301.44011354199756,0.26534563464756983,6.700020469280351,25.250162785527902,0.19979101358411627,0.7529462990769653,,1.0,5.0,89.0,7.0,2.0,0.0,0.0,0.0,6.0,23.0,1.0,2.0,0.0,0.0,0.0,6.0,17.80000000000001,1.0,1.0,0.0,0.0
10,21,3,1.1,bounded,hard,13.162243366336414,False,0.09996787500131177,0.3459713322974318,True,2.215398708001885,max_iterations,134400,0.3010894425336522,False,0.06997581921661455,0.28002005652247003,True,942,1576,300.3927079999994,0.28002005652247003,12.882223309813943,46.004645059344945,0.06595127577496179,0.23552339998070665,,2.0,4.0,124.39999999999998,8.0,2.0,6.0,0.0,0.0,6.0,30.600000000000023,1.0,1.0,0.0,0.0,0.0,6.0,19.19999999999999,1.0,1.0,0.0,0.0
10,21,4,1.1,bounded,hard,7.132022257558423,False,0.1648956669960171,0.33967513656327797,True,2.650391583003511,max_iterations,136800,0.29369812506902504,False,0.13036666965554403,0.25540967861969865,True,948,1606,301.05924004199915,0.25540967861969865,6.876612578938724,26.92385275335592,0.08426545794357931,0.32992272806172457,,1.0,5.0,120.80000000000001,8.0,2.0,6.0,0.0,0.0,6.0,29.80000000000001,1.0,1.0,0.0,0.0,0.0,6.0,17.80000000000001,1.0,1.0,0.0,0.0
10,21,0,1.3,certified,hard,49.2597508121424,False,0.1179082499947981,0.27021027140707976,True,2.452256042000954,max_iterations,136800,0.2458076202757052,True,3.814490281151561e-08,0.24580761089939768,True,948,1621,0.8897599170013564,0.2458076202757052,49.013943191866694,199.39960826637994,0.024402651131374548,0.09927540531088418,,8.0,5.0,191.40000000000003,7.0,2.0,12.0,0.0,0.0,6.0,14.799999999999955,1.0,1.0,1.0,0.0,0.0,6.0,6.999999999999943,1.0,1.0,0.0,0.0
10,21,1,1.3,bounded,hard,19.194120857235223,False,0.21030866699584294,0.33950939417030335,True,2.868151083996054,max_iterations,134400,0.26296634108419714,False,0.06928130949017126,0.24474768862204505,True,942,1576,301.1896364589993,0.24474768862204505,18.949373168613178,77.42411491319947,0.0947617055482583,0.3871812072333617,,3.0,5.0,139.60000000000002,7.0,2.0,11.0,0.0,0.0,6.0,18.799999999999955,2.0,1.0,0.0,0.0,0.0,6.0,9.599999999999966,1.0,1.0,0.0,0.0
10,21,2,1.3,bounded,hard,19.246341773568595,False,0.1189678750015446,0.5064298615291996,True,2.5432891250020475,max_iterations,141600,0.27756371663656476,False,0.011452534162398801,0.27438490868954163,True,960,1621,300.6914034579968,0.27438490868954163,18.971956864879054,69.14358721654499,0.23204495283965793,0.845691382765551,,3.0,5.0,166.79999999999995,8.0,2.0,29.0,0.0,0.0,6.0,27.200000000000045,2.0,2.0,0.0,0.0,0.0,6.0,28.000000000000114,0.0,1.0,0.0,0.0
10,21,3,1.3,bounded,hard,25.44273551342381,False,0.13962049999827286,0.45304985337243403,True,2.4402470829954837,max_iterations,134400,0.3015347018572825,False,0.12235867548137415,0.2646393151263543,True,942,1576,300.6359226659988,0.2646393151263543,25.178096198297453,95.14117804558236,0.18841053824607973,0.7119521835072824,,4.0,5.0,173.0,7.0,3.0,26.0,0.0,0.0,6.0,21.0,1.0,2.0,0.0,0.0,0.0,6.0,21.0,1.0,1.0,0.0,0.0
10,21,4,1.3,certified,hard,49.1820279144727,False,0.14128608299506595,0.2677786604648305,True,2.506654916003754,max_iterations,136800,0.2458076202757052,True,0.0,0.24580757335464798,True,948,1606,9.056957499997225,0.2458076202757052,48.93622029419699,199.0834142542394,0.021971040189125296,0.08938307186930136,,8.0,5.0,167.20000000000005,7.0,2.0,6.0,0.0,0.0,6.0,13.999999999999943,1.0,1.0,1.0,0.0,0.0,6.0,6.999999999999943,1.0,1.0,0.0,0.0
10,21,0,1.5,bounded,hard,103.32902498739998,False,0.20347995900374372,6.65952383432358,True,2.5903632919944357,max_iterations,136800,0.37495636842776026,False,0.11551006769325546,0.3316451329286524,True,948,1621,301.1899609999964,0.3316451329286524,102.99737985447132,310.56502757913046,6.327878701394928,19.080270063110678,,17.0,4.0,303.00000000000006,8.0,2.0,12.0,0.0,1.0,6.0,51.19999999999999,3.0,2.0,149.0,0.0,0.0,6.0,29.0,1.0,1.0,139.0,0.0
10,21,1,1.5,bounded,soft,91.36144735664881,False,0.12221662500087405,6.525964494386201,True,2.246144374999858,max_iterations,134400,6.354009834364434,False,0.004958689678133379,6.322502271384013,True,978,1576,300.41844812499767,6.322502271384013,85.0389450852648,13.450203959618277,0.2034622230021883,0.03218064846304118,,15.0,5.0,262.00000000000006,7.0,3.0,19.0,0.0,1.0,6.0,27.80000000000001,1.0,2.0,132.0,0.0,1.0,5.0,23.600000000000023,1.0,1.0,122.0,0.0
10,21,2,1.5,bounded,hard,91.21274805264468,False,0.2039008330029901,0.4102595891210873,True,2.7092146669965587,max_iterations,141600,0.37495636842776026,False,0.12902874908454348,0.32657621724824304,True,960,1621,300.47071754199715,0.32657621724824304,90.88617183539644,278.3000323820592,0.08368337187284425,0.2562445378845004,,15.0,4.0,269.00000000000006,7.0,2.0,12.0,0.0,0.0,6.0,24.599999999999966,2.0,1.0,146.0,0.0,0.0,6.0,29.0,1.0,1.0,139.0,0.0
10,21,3,1.5,bounded,soft,127.6292000541165,False,0.18120537499635248,24.600116233240655,True,2.4762958329956746,max_iterations,134400,24.374071641647983,False,0.00025010860007672504,24.367974828741353,True,978,1576,300.3345727909982,24.367974828741353,103.26122522537514,4.237579279816941,0.23214140449930198,0.009526495579989585,,21.0,3.0,395.79999999999995,9.0,3.0,30.0,0.0,4.0,5.0,34.19999999999999,1.0,2.0,214.0,0.0,4.0,3.0,30.999999999999943,0.09999999999999964,1.0,180.0,0.0
10,21,4,1.5,certified,soft,109.10550159798551,True,0.20887191600195365,6.432364298108808,True,2.7109742499960703,max_iterations,136800,6.3360517327764585,True,5.100048181606012e-10,6.336051729545042,True,984,1606,0.25482587500300724,6.3360517327764585,102.76944986520905,16.21979336651904,0.09631256533234911,0.015200722688882614,,18.0,3.0,326.99999999999994,6.0,1.0,0.0,0.0,1.0,6.0,29.80000000000001,2.0,1.0,159.0,0.0,1.0,5.0,14.000000000000057,0.0,1.0,180.0,0.0
10,28,0,1.1,bounded,hard,0.9702064966152433,False,0.17297808302100748,0.38970722297046945,True,3.9459281250019558,max_iterations,182400,0.35924745285552717,False,0.14832719195287403,0.30596128695724395,True,1272,2155,301.9209966670023,0.30596128695724395,0.6642452096579994,2.1710106408031393,0.0837459360132255,0.2737141579121689,,0.0,8.0,112.79999999999995,9.0,3.0,0.0,0.0,0.0,8.0,24.600000000000023,2.0,2.0,0.0,0.0,0.0,8.0,14.000000000000114,2.0,2.0,0.0,0.0
10,28,1,1.1,bounded,hard,1.2274184394243264,False,0.17564724999829195,0.4207417057290903,True,3.924565416004043,max_iterations,179200,0.35924745285552717,False,0.12222719498934184,0.31533764438592987,True,1264,2094,301.2669178750075,0.31533764438592987,0.9120807950383965,2.8923942677840744,0.10540406134316044,0.3342577812059773,,0.0,8.0,188.79999999999995,10.0,3.0,16.0,0.0,0.0,8.0,35.40000000000009,2.0,2.0,0.0,0.0,0.0,8.0,14.000000000000114,2.0,2.0,0.0,0.0
10,28,2,1.1,bounded,hard,0.9702064966152433,False,0.178244208014803,0.33584097427663473,True,4.164016499998979,max_iterations,188800,0.24561108921916353,False,0.1857272768010764,0.19999441046634175,True,1288,2157,301.3021991670248,0.19999441046634175,0.7702120861489015,3.8511680619120354,0.13584656381029298,0.679251802555529,,0.0,8.0,112.79999999999995,9.0,3.0,0.0,0.0,0.0,8.0,45.40000000000009,2.0,1.0,0.0,0.0,0.0,8.0,14.000000000000114,2.0,1.0,0.0,0.0
10,28,3,1.1,bounded,hard,13.314080625448966,False,0.17654087499249727,0.3841309359405346,True,3.8951329170085955,max_iterations,179200,0.3395454270355921,False,0.12945906902271828,0.295588192160643,True,1264,2094,301.44785483399755,0.295588192160643,13.018492433288323,44.04266739522929,0.08854274377989158,0.2995476346083924,,2.0,6.0,212.60000000000002,10.0,3.0,16.0,0.0,0.0,8.0,32.599999999999966,1.0,2.0,0.0,0.0,0.0,8.0,6.999999999999943,2.0,2.0,0.0,0.0
10,28,4,1.1,bounded,hard,1.2274184394243264,False,0.17082370800198987,0.40464975170610173,True,3.944944667018717,max_iterations,182400,0.364391831885524,False,0.18246193474431244,0.297904193234667,True,1272,2135,300.97791766602313,0.297904193234667,0.9295142461896594,3.120178457701186,0.10674555847143474,0.3583217722193942,,0.0,8.0,188.79999999999995,10.0,3.0,16.0,0.0,0.0,8.0,29.800000000000068,2.0,2.0,0.0,0.0,0.0,8.0,26.399999999999977,1.0,2.0,0.0,0.0
10,28,0,1.3,bounded,hard,61.18975037035331,False,0.190084540983662,0.3756975823593952,True,4.147006291983416,max_iterations,182400,0.3366731921154928,False,0.049499412688421576,0.32000806683783967,True,1272,2155,300.141422833025,0.32000806683783967,60.86974230351547,190.21314964025734,0.055689515521555544,0.1740253490227656,,10.0,7.0,203.0,9.0,3.0,0.0,0.0,0.0,8.0,36.0,1.0,2.0,0.0,0.0,0.0,8.0,20.0,1.0,2.0,0.0,0.0
10,28,1,1.3,bounded,hard,37.13343944109085,False,0.3070445839839522,0.36885045332986893,True,4.0204273750132415,max_iterations,179200,0.3569101548224063,False,0.1877005776394819,0.289917912600406,True,1264,2094,300.62976637500105,0.289917912600406,36.84352152849044,127.0825979603126,0.07893254072946293,0.2722582403463138,,6.0,5.0,194.0,9.0,2.0,0.0,0.0,0.0,8.0,27.0,1.0,2.0,0.0,0.0,0.0,8.0,23.0,1.0,2.0,0.0,0.0
10,28,2,1.3,bounded,hard,31.12299977738345,False,0.22213037498295307,0.3676689654019629,True,4.325118874985492,max_iterations,188800,0.22562434464197684,False,0.19256046696121773,0.182178015479899,True,1288,2157,301.18263129200204,0.182178015479899,30.94082176190355,169.83839504672542,0.1854909499220639,1.0181851494728267,,5.0,7.0,165.79999999999995,10.0,3.0,16.0,0.0,0.0,8.0,31.600000000000023,1.0,2.0,0.0,0.0,0.0,8.0,8.399999999999977,2.0,1.0,0.0,0.0
10,28,3,1.3,bounded,hard,43.5192374517899,False,0.21806150002521463,0.37502897024307613,True,4.011855333985295,max_iterations,179200,0.3392607082783405,False,0.10870102979365723,0.30238271991995924,True,1264,2094,300.54724104100023,0.30238271991995924,43.21685473186994,142.92104635909567,0.07264625032311689,0.24024603767816616,,7.0,7.0,267.19999999999993,10.0,4.0,46.0,0.0,0.0,8.0,22.600000000000023,2.0,2.0,0.0,0.0,0.0,8.0,8.399999999999977,2.0,2.0,0.0,0.0
10,28,4,1.3,bounded,hard,37.184296573546675,False,0.22650158402393572,0.3654820778024371,True,4.173037792003015,max_iterations,182400,0.34298207780243706,False,0.13659065052066754,0.2961339326784719,True,1272,2135,300.88028849998955,0.2961339326784719,36.8881626408682,124.56580813695408,0.0693481451239652,0.23417831417266224,,6.0,8.0,188.0,10.0,3.0,16.0,0.0,0.0,8.0,31.0,1.0,2.0,0.0,0.0,0.0,8.0,22.0,1.0,2.0,0.0,0.0
10,28,0,1.5,certified,hard,139.2507471300355,False,0.20626974999322556,0.4423321536405674,True,4.2237200000090525,max_iterations,182400,0.40270875620466995,True,4.179810994185328e-08,0.4027087393722051,True,1272,2155,24.375537707994226,0.40270875620466995,138.84803837383083,344.7852479851808,0.039623397435897434,0.09839219243536763,,23.0,5.0,412.00000000000006,10.0,2.0,0.0,0.0,0.0,8.0,40.19999999999999,1.0,2.0,186.0,0.0,0.0,8.0,19.0,1.0,2.0,169.0,0.0
10,28,1,1.5,certified,soft,127.29532197094736,False,0.35441604198422283,6.472159058810904,True,4.379272291000234,max_iterations,179200,6.417411490752502,True,4.309499595589162e-05,6.417134932430261,True,1312,2094,13.192394165991573,6.417411490752502,120.87791048019486,18.83592951057916,0.054747568058401974,0.008531098268716801,,21.0,6.0,371.0000000000001,10.0,3.0,32.0,0.0,1.0,8.0,32.39999999999998,2.0,2.0,203.0,0.0,1.0,7.0,29.40000000000009,1.0,2.0,169.0,0.0
10,28,2,1.5,certified,soft,139.3444118742978,False,0.3490479580068495,6.469227356473105,True,4.876301084004808,max_iterations,188800,6.306439887299766,True,3.3036499536447174e-05,6.306231544601353,True,1336,2157,24.04042550001759,6.306439887299766,133.03797198699803,21.095574423045996,0.16278746917333908,0.02581289476827788,,23.0,5.0,412.0,10.0,3.0,16.0,0.0,1.0,8.0,28.0,2.0,2.0,210.0,0.0,1.0,7.0,20.0,1.0,1.0,200.0,0.0
10,28,3,1.5,bounded,soft,169.61348313518252,False,0.3219573329843115,24.457188096200014,True,4.189274333009962,max_iterations,179200,24.333478668593433,False,0.0008986008138209638,24.31161258485874,True,1312,2094,301.35684179200325,24.31161258485874,145.30187055032377,5.97664470191573,0.14557551134127422,0.005987900260961652,,28.0,5.0,524.0,11.0,4.0,40.0,0.0,4.0,7.0,19.0,1.0,2.0,251.0,0.0,4.0,5.0,27.0,0.20000000000000018,1.0,271.0,0.0
10,28,4,1.5,bounded,soft,139.18210093924847,True,0.21489254100015387,6.4514288902490815,True,4.272522291983478,max_iterations,182400,6.308844145178745,False,0.0008832029235772845,6.303272119074535,True,1320,2135,301.2144457079994,6.303272119074535,132.87882882017394,21.080928493958723,0.14815677117454662,0.023504739820164933,,23.0,4.0,419.0,9.0,2.0,0.0,0.0,1.0,8.0,12.0,2.0,2.0,220.0,0.0,1.0,7.0,24.0,1.0,1.0,196.0,0.0
12,14,0,1.1,bounded,hard,13.137945791972797,False,0.08745087499846704,0.4852440976390557,True,2.0823918750029407,max_iterations,110400,0.42562871302367095,False,0.020895389749077294,0.4167350351766429,True,750,1301,301.30374941600166,0.4167350351766429,12.721210756796154,30.525896992087482,0.06850906246241278,0.16439477528778834,,2.0,4.0,120.49999999999997,5.0,1.0,0.0,0.0,0.0,5.0,33.50000000000003,1.0,1.0,0.0,0.0,0.0,4.0,22.166666666666657,1.0,1.0,0.0,0.0
12,14,1,1.1,bounded,hard,12.887810588426351,False,0.07310183300432982,0.42360020931449527,True,1.6937539169957745,max_iterations,108800,0.382783882783883,False,0.08819360749662641,0.3490245081896989,True,746,1272,301.0681947079938,0.3490245081896989,12.538786080236653,35.9252309967347,0.07457570112479639,0.21366895268072014,,2.0,3.0,73.83333333333329,5.0,1.0,0.0,0.0,0.0,4.0,24.000000000000057,1.0,1.0,0.0,0.0,0.0,4.0,14.000000000000057,1.0,1.0,0.0,0.0
12,14,2,1.1,bounded,hard,13.267288341786156,False,0.07857070800673682,0.43955023493118617,True,1.8676525830014725,max_iterations,112000,0.43955023493118617,False,0.15976024716664974,0.36932707266113013,True,754,1290,300.57088925000426,0.36932707266113013,12.897961269125025,34.92286979178299,0.07022316227005604,0.19013813897820625,,2.0,4.0,142.66666666666669,5.0,1.0,0.0,0.0,0.0,4.0,24.166666666666657,1.0,1.0,0.0,0.0,0.0,4.0,24.166666666666657,1.0,1.0,0.0,0.0
12,14,3,1.1,certified,hard,13.31676108817653,False,0.07564541700412519,0.3732600732600735,True,1.6604569160044775,max_iterations,107200,0.36765783236371485,True,3.583902675831405e-08,0.36765781918721574,True,742,1263,3.7340750840012333,0.36765783236371485,12.949103255812815,35.22052875240418,0.0056022408963586345,0.015237648713591052,,2.0,3.0,118.33333333333337,5.0,2.0,3.0,0.0,0.0,4.0,11.333333333333371,1.0,1.0,0.0,0.0,0.0,4.0,10.000000000000028,1.0,1.0,0.0,0.0
12,14,4,1.1,certified,hard,1.0526811534330331,False,0.12819658299849834,0.41743231705637723,True,1.8828616249957122,max_iterations,110400,0.3955024924949737,True,8.872080202528533e-05,0.39546702544452955,True,750,1291,11.303321125000366,0.3955024924949737,0.6571786609380594,1.661629631692931,0.02192982456140352,0.05544800596087828,,0.0,4.0,110.0,5.0,1.0,0.0,0.0,0.0,4.0,21.0,1.0,1.0,0.0,0.0,0.0,4.0,16.0,1.0,1.0,0.0,0.0
12,14,0,1.3,bounded,hard,24.916153598323994,False,0.11104637500102399,0.3792752981060023,True,1.8314574589967378,max_iterations,110400,0.3792752981060023,False,0.11511355315643504,0.3356155709165543,True,750,1301,300.5102132079992,0.3356155709165543,24.58053802740744,73.24015974669726,0.043659727189447994,0.13008850295656668,,4.0,4.0,82.66666666666669,5.0,1.0,3.0,0.0,0.0,4.0,14.666666666666629,1.0,1.0,0.0,0.0,0.0,4.0,14.666666666666629,1.0,1.0,0.0,0.0
12,14,1,1.3,certified,hard,24.860317492493827,True,0.0908706250047544,0.4061949221026224,True,1.7481946659972891,max_iterations,108800,0.3792752981060023,True,3.7678665972864316e-08,0.3792752838154151,True,746,1272,10.19272579200333,0.3792752981060023,24.481042194387825,64.5468932900178,0.026919623996620123,0.07097647574479383,,4.0,4.0,68.66666666666669,5.0,1.0,0.0,0.0,0.0,4.0,20.833333333333286,1.0,1.0,4.0,0.0,0.0,4.0,14.666666666666629,1.0,1.0,0.0,0.0
12,14,2,1.3,bounded,hard,25.375880088008802,False,0.1213688749994617,0.399029338029957,True,1.8794566249998752,max_iterations,112000,0.399029338029957,False,0.1348143989490905,0.3452344158157086,True,754,1290,300.26153874999727,0.3452344158157086,25.030645672193096,72.50333259229531,0.05379492221424842,0.1558214353778824,,4.0,4.0,119.99999999999997,6.0,2.0,20.0,0.0,0.0,4.0,19.33333333333337,1.0,1.0,0.0,0.0,0.0,4.0,19.33333333333337,1.0,1.0,0.0,0.0
12,14,3,1.3,bounded,hard,31.546175722212887,False,0.11308979200111935,0.4714561119573496,True,1.7572646670014365,max_iterations,107200,0.3721929726152465,False,0.08051236181254165,0.3422268144373993,True,742,1263,300.35297754099884,0.3422268144373993,31.203948907775487,91.17914666936004,0.12922929751995033,0.3776130100512307,,5.0,4.0,174.33333333333337,6.0,2.0,40.0,0.0,0.0,4.0,23.666666666666686,2.0,1.0,6.0,0.0,0.0,4.0,13.333333333333371,1.0,1.0,2.0,0.0
12,14,4,1.3,bounded,hard,24.860317492493827,True,0.09877933399548056,0.44882065568358526,True,1.8197489160011173,max_iterations,110400,0.3792752981060023,False,0.08102015189034355,0.3485463558451987,True,750,1291,301.05503991599835,0.3485463558451987,24.51177113664863,70.32571342543355,0.10027429983838654,0.2876928654015874,,4.0,4.0,68.66666666666669,5.0,1.0,0.0,0.0,0.0,4.0,17.333333333333314,2.0,1.0,0.0,0.0,0.0,4.0,14.666666666666629,1.0,1.0,0.0,0.0
12,14,0,1.5,certified,soft,79.25755577215743,False,0.08591487500234507,6.399816183539841,True,1.74291145800089,max_iterations,110400,6.399816183539841,True,9.606773461124908e-10,6.399816177391682,True,774,1301,0.41329604200291215,6.399816183539841,72.85773958861759,11.384348784267551,0.0,0.0,,13.0,3.0,228.0,5.0,1.0,0.0,0.0,1.0,4.0,28.0,0.0,1.0,62.0,0.0,1.0,4.0,28.0,0.0,1.0,62.0,0.0
12,14,1,1.5,bounded,hard,55.09545724353237,True,0.10103150000213645,0.4140658257889022,True,1.7464689159969566,max_iterations,108800,0.3882154256005783,False,0.08258873201982597,0.3561532058496895,True,746,1272,300.8267344170017,0.3561532058496895,54.739304037682686,153.69594640342729,0.057912619939212706,0.16260592067688442,,9.0,4.0,160.0,5.0,1.0,7.0,0.0,0.0,4.0,17.0,1.0,1.0,49.0,0.0,0.0,4.0,10.0,1.0,1.0,42.0,0.0
12,14,2,1.5,bounded,soft,73.56422881569355,False,0.08966012499877252,12.559971944905433,True,1.7794035830011126,max_iterations,112000,6.419864970249186,False,0.004583858353026298,6.390437218580009,True,778,1290,300.2400402909989,6.390437218580009,67.17379159711355,10.511611224629156,6.169534726325424,0.9654323351127968,,12.0,3.0,237.8333333333333,6.0,2.0,20.0,0.0,2.0,4.0,55.0,1.0,1.0,92.0,0.0,1.0,4.0,34.66666666666663,0.08333333333333348,1.0,62.0,0.0
12,14,3,1.5,bounded,hard,67.540193132219,False,0.15367520799918566,6.735776585722707,True,1.9604468750039814,max_iterations,107200,0.44160638411715997,False,0.11915344346727914,0.38898739447633957,True,742,1263,300.62632987500547,0.38898739447633957,67.15120573774266,172.63080164369484,6.346789191246367,16.316182172922357,,11.0,3.0,223.0,6.0,2.0,20.0,0.0,1.0,4.0,96.0,2.0,1.0,105.0,0.0,0.0,4.0,38.0,0.08333333333333348,1.0,83.0,0.0
12,14,4,1.5,bounded,hard,79.22485361778651,True,0.09565654199832352,0.5060126007356308,True,1.7879858750020503,max_iterations,110400,0.48897186923105895,False,0.10448241685408316,0.43788290656013906,True,750,1291,300.32843929200317,0.43788290656013906,78.78697071122637,179.92702964852026,0.06812969417549175,0.15558884157113081,,13.0,3.0,228.00000000000006,5.0,1.0,0.0,0.0,0.0,4.0,42.666666666666686,1.0,1.0,89.0,0.0,0.0,4.0,35.83333333333334,1.0,1.0,89.0,0.0
12,21,0,1.1,bounded,hard,1.2614232396209142,False,0.22340170799725456,0.37067843463192296,True,2.915229124999314,max_iterations,165600,0.3113117589861777,False,0.2399436286976791,0.23661446807303105,True,1140,1941,300.0996592500014,0.23661446807303105,1.024808771547883,4.331133171584317,0.1340639665588919,0.5665924305081508,,0.0,6.0,179.0,8.0,2.0,12.0,0.0,0.0,6.0,32.49999999999997,2.0,1.0,0.0,0.0,0.0,6.0,26.833333333333343,1.0,1.0,0.0,0.0
12,21,1,1.1,bounded,hard,6.885062478846622,False,0.3385120419989107,0.3500875081303192,True,3.1532779169938294,max_iterations,163200,0.29156333510232935,False,0.118558401969065,0.2569960520198263,True,1134,1896,300.8434633750003,0.2569960520198263,6.628066426826796,25.790537927467714,0.09309145611049291,0.3622291291202841,,1.0,6.0,99.5,7.0,2.0,0.0,0.0,0.0,6.0,50.0,1.0,1.0,0.0,0.0,0.0,6.0,27.0,1.0,1.0,0.0,0.0
12,21,2,1.1,bounded,hard,13.306465596302795,False,0.17092741699889302,0.31409676952049825,True,2.841827292002563,max_iterations,168000,0.2746095900333187,False,0.17107768921150382,0.22763001593510035,True,1146,1926,301.09275383299973,0.22763001593510035,13.078835580367695,57.45655082718355,0.0864667535853979,0.379856554638429,,2.0,6.0,202.66666666666669,8.0,2.0,12.0,0.0,0.0,6.0,29.833333333333286,1.0,1.0,0.0,0.0,0.0,6.0,16.999999999999943,1.0,1.0,0.0,0.0
12,21,3,1.1,bounded,hard,1.2966729557181518,False,0.16820733300119173,0.2983066764949845,True,2.7069208750035614,max_iterations,160800,0.26121747461705025,False,0.07812822333384108,0.24080874774601366,True,1128,1881,300.67101125000045,0.24080874774601366,1.055864207972138,4.384658854194871,0.057497928748970834,0.2387700998703551,,0.0,6.0,168.66666666666669,8.0,3.0,6.0,0.0,0.0,6.0,26.833333333333343,1.0,1.0,0.0,0.0,0.0,6.0,13.666666666666686,1.0,1.0,0.0,0.0
12,21,4,1.1,bounded,hard,12.988586775500245,False,0.18399154199869372,0.340763436187165,True,2.8365873750008177,max_iterations,165600,0.2746095900333187,False,0.1665754207076224,0.22886638216761834,True,1140,1926,300.8973329169967,0.22886638216761834,12.759720393332627,55.7518333294909,0.11189705401954664,0.48891869989710807,,2.0,6.0,114.83333333333334,7.0,2.0,0.0,0.0,0.0,6.0,38.49999999999997,1.0,1.0,0.0,0.0,0.0,6.0,16.999999999999943,1.0,1.0,0.0,0.0
12,21,0,1.3,bounded,hard,37.12486334720727,False,0.19027379199542338,0.31276982837380074,True,2.8381914170022355,max_iterations,165600,0.27358653099875596,False,0.04309873773741199,0.2617952968507519,True,1140,1941,300.9962825420007,0.2617952968507519,36.86306805035652,140.8087482617075,0.050974531523048816,0.1947114105419133,,6.0,6.0,174.00000000000006,8.0,2.0,22.0,0.0,0.0,6.0,37.0,1.0,1.0,3.0,0.0,0.0,6.0,21.33333333333337,1.0,1.0,1.0,0.0
12,21,1,1.3,certified,hard,30.992158844082603,True,0.18764912500046194,0.2636826426248474,True,2.7625081250007497,max_iterations,163200,0.24635352016067463,True,6.124743656585566e-08,0.24635350507215248,True,1134,1896,2.16991925000184,0.24635352016067463,30.745805323921928,124.80359648958601,0.017329122464172786,0.07034249988744033,,5.0,6.0,135.66666666666663,7.0,2.0,12.0,0.0,0.0,6.0,16.66666666666663,1.0,1.0,1.0,0.0,0.0,6.0,9.999999999999943,1.0,1.0,0.0,0.0
12,21,2,1.3,certified,hard,37.16708699118253,False,0.31071762499777833,0.28318766989247257,True,3.068801291999989,max_iterations,168000,0.2570335186184364,True,3.9761865024070204e-08,0.2570335083983043,True,1146,1926,15.465115708000667,0.2570335186184364,36.910053472564094,143.6001563957761,0.026154151274036197,0.10175385457358099,,6.0,6.0,196.16666666666669,7.0,2.0,25.0,0.0,0.0,6.0,23.999999999999886,1.0,1.0,1.0,0.0,0.0,6.0,13.999999999999886,1.0,1.0,0.0,0.0
12,21,3,1.3,bounded,hard,43.51758069526105,False,0.29302766600449104,0.2992387814305086,True,2.823691083001904,max_iterations,160800,0.2890008665005179,False,0.13835496927332103,0.24901616049587572,True,1128,1881,300.4424025000044,0.24901616049587572,43.268564534765176,173.75805830674915,0.05022262093463287,0.20168418320571074,,7.0,6.0,253.0,9.0,3.0,60.0,0.0,0.0,6.0,32.0,1.0,1.0,5.0,0.0,0.0,6.0,12.0,2.0,1.0,0.0,0.0
12,21,4,1.3,certified,hard,36.98747804734222,True,0.23211279200040735,0.24635352016067463,True,2.9265290409966838,max_iterations,165600,0.24635352016067463,True,3.1095369526552456e-08,0.24635351250022083,True,1140,1926,11.86845620800159,0.24635352016067463,36.74112452718155,149.13983978478797,0.0,0.0,,6.0,6.0,132.66666666666663,7.0,2.0,6.0,0.0,0.0,6.0,9.999999999999943,1.0,1.0,0.0,0.0,0.0,6.0,9.999999999999943,1.0,1.0,0.0,0.0
12,21,0,1.5,bounded,soft,133.39212061087062,False,0.3080076670012204,18.434368871868873,True,3.0269753340035095,max_iterations,165600,18.352869352869355,False,0.0010437259079268152,18.33371398764097,True,1176,1941,300.9338664579991,18.33371398764097,115.05840662322964,6.275782784698847,0.10065488422790381,0.005490152420603745,,22.0,4.0,388.0000000000001,8.0,2.0,6.0,0.0,3.0,6.0,77.33333333333337,1.0,1.0,124.0,0.0,3.0,6.0,20.000000000000057,1.0,1.0,144.0,0.0
12,21,1,1.5,bounded,hard,79.1630911597244,True,0.20684304199676262,0.4064199723155714,True,2.792704749997938,max_iterations,163200,0.3183716459433862,False,0.11100132468982495,0.28303175614896514,True,1134,1896,300.10164158300176,0.28303175614896514,78.88005940357543,278.69685181919766,0.12338821616660628,0.43595184457557706,,13.0,5.0,231.0,8.0,2.0,12.0,0.0,0.0,6.0,47.5,2.0,1.0,97.0,0.0,0.0,6.0,27.0,1.0,1.0,80.0,0.0
12,21,2,1.5,bounded,soft,103.258779638705,False,0.3432200839961297,6.334836577098544,True,3.056511208000302,max_iterations,168000,6.323039924676892,False,0.004184277038316373,6.296582573907709,True,1182,1926,300.13369191699894,6.296582573907709,96.96219706479728,15.399178193357953,0.038254003190835384,0.006075359568753285,,17.0,4.0,303.0,8.0,2.0,12.0,0.0,1.0,6.0,20.5,1.0,1.0,127.0,0.0,1.0,6.0,18.0,1.0,1.0,114.0,0.0
12,21,3,1.5,bounded,soft,103.2651480831258,False,0.36778683299780823,6.332776638603071,True,3.0885688749986002,max_iterations,160800,6.318354022982268,False,0.0026556047404891403,6.301574972086748,True,1164,1881,300.10685266699875,6.301574972086748,96.96357311103904,15.387196619979248,0.03120166651632239,0.004951407648807207,,17.0,4.0,303.0,8.0,2.0,12.0,0.0,1.0,6.0,22.0,1.0,1.0,118.0,0.0,1.0,6.0,17.0,1.0,1.0,108.0,0.0
12,21,4,1.5,certified,hard,115.12496276982633,True,0.36034558399842354,0.4119576686540972,True,3.058424584000022,max_iterations,165600,0.31724029938315657,True,0.0,0.3172402646609344,True,1140,1926,4.120068166994315,0.31724029938315657,114.80772247044317,361.8951397211382,0.09471736927094065,0.2985666368841207,,19.0,4.0,337.0,7.0,1.0,0.0,0.0,0.0,6.0,43.0,2.0,1.0,137.0,0.0,0.0,6.0,16.0,1.0,1.0,120.0,0.0
12,28,0,1.1,bounded,hard,19.05688405372126,False,0.3002360829850659,0.414701180922555,True,5.220066875015618,max_iterations,220800,0.21322665883734587,False,0.09903623468171473,0.19210949341233247,True,1530,2581,300.3123465410026,0.19210949341233247,18.864774560308927,98.19803397127642,0.2225916875102225,1.158670941016251,,3.0,7.0,208.0,10.0,2.0,0.0,0.0,0.0,8.0,42.0,2.0,2.0,0.0,0.0,0.0,8.0,18.0,1.0,1.0,0.0,0.0
12,28,1,1.1,bounded,hard,6.932738211597983,False,0.4125722919998225,0.3899746263017275,True,5.146196374989813,max_iterations,217600,0.21606398532835716,False,0.09735491727399546,0.19502899637973364,True,1522,2520,302.3236792089883,0.19502899637973364,6.737709215218249,34.54721779985735,0.19494562992199388,0.9995725432664513,,1.0,7.0,193.5,10.0,2.0,0.0,0.0,0.0,8.0,54.5,1.0,2.0,0.0,0.0,0.0,8.0,7.0,2.0,1.0,0.0,0.0
12,28,2,1.1,certified,hard,19.070102039532358,False,0.2938787500024773,0.22100685400080866,True,5.172769500000868,max_iterations,224000,0.20615904405277607,True,6.010840623251241e-08,0.2061590316608844,True,1538,2562,7.756931083014933,0.20615904405277607,18.863942995479583,91.50189399719216,0.014847809948032586,0.07202114278445913,,3.0,6.0,223.16666666666669,10.0,2.0,0.0,0.0,0.0,8.0,22.166666666666572,1.0,1.0,0.0,0.0,0.0,8.0,15.499999999999943,1.0,1.0,0.0,0.0
12,28,3,1.1,bounded,hard,19.28196462372992,False,0.4083522919972893,0.38834513738605814,True,5.000168207974639,max_iterations,214400,0.3252271551504288,False,0.10428009661058806,0.2913124359909553,True,1514,2499,300.48882791699725,0.2913124359909553,18.990652187738963,65.18998107011328,0.09703270139510284,0.3330880848427477,,3.0,7.0,268.0,10.0,3.0,13.0,0.0,0.0,9.0,45.0,1.0,2.0,0.0,0.0,0.0,8.0,17.5,1.0,2.0,0.0,0.0
12,28,4,1.1,bounded,hard,12.957368820127181,False,0.381020750006428,0.2839517795721215,True,6.214117958996212,max_iterations,220800,0.21177340271662087,False,0.17379194770506864,0.17496889058636927,True,1530,2561,300.3907231250196,0.17496889058636927,12.782399929540812,73.05527220698174,0.1089828889857522,0.6228700920519089,,2.0,8.0,178.33333333333331,10.0,2.0,0.0,0.0,0.0,8.0,38.00000000000006,2.0,1.0,0.0,0.0,0.0,8.0,18.666666666666686,1.0,1.0,0.0,0.0
12,28,0,1.3,bounded,hard,54.95820370816109,False,0.4038862920133397,0.35321392115173056,True,5.381486790982308,max_iterations,220800,0.20035824095230037,False,0.0011509278702395505,0.20012762585477767,True,1530,2581,300.12971416598884,0.20012762585477767,54.75807608230632,273.61577817368124,0.1530862952969529,0.7649433437442552,,9.0,8.0,207.0,9.0,2.0,20.0,0.0,0.0,8.0,36.0,1.0,2.0,1.0,0.0,0.0,8.0,16.0,1.0,1.0,0.0,0.0
12,28,1,1.3,bounded,hard,42.99879101722691,True,0.5385744169761892,0.39779958842805885,True,5.294183209014591,max_iterations,217600,0.21001885213382399,False,0.11033235654787169,0.18684699779087444,True,1522,2520,300.7408194169984,0.18684699779087444,42.811944019436034,229.12834846483662,0.2109525906371844,1.1290124707986466,,7.0,8.0,168.00000000000006,9.0,3.0,16.0,0.0,0.0,8.0,42.66666666666663,2.0,2.0,2.0,0.0,0.0,8.0,20.66666666666663,1.0,1.0,0.0,0.0
12,28,2,1.3,bounded,hard,67.28960604314393,False,0.37044774999958463,0.25469851873007815,True,5.915110666013788,max_iterations,224000,0.20035824095230037,False,0.09310853983920755,0.18170310130381767,True,1538,2562,300.5221794999961,0.18170310130381767,67.10790294184011,369.3272292013991,0.07299541742626048,0.4017290673768308,,11.0,8.0,299.0,10.0,3.0,35.0,0.0,0.0,8.0,43.0,1.0,1.0,10.0,0.0,0.0,8.0,16.0,1.0,1.0,0.0,0.0
12,28,3,1.3,bounded,hard,67.49299337931048,False,0.3725403329881374,0.3442634272963577,True,5.06950537499506,max_iterations,214400,0.3144496069632275,False,0.05391714547943563,0.29749538175863943,True,1514,2499,300.79545820798376,0.29749538175863943,67.19549799755184,225.87072646414433,0.046768045537718295,0.15720595479919622,,11.0,7.0,331.66666666666674,11.0,4.0,56.0,0.0,0.0,8.0,31.333333333333258,1.0,2.0,2.0,0.0,0.0,8.0,15.499999999999943,1.0,2.0,0.0,0.0
12,28,4,1.3,bounded,hard,48.82443580110309,True,0.34827070802566595,0.3480923933739528,True,5.6951492090011016,max_iterations,220800,0.20035824095230037,False,0.0928035785302962,0.18176421099024548,True,1530,2561,301.0998655000003,0.18176421099024548,48.64267159011285,267.6141322051748,0.16632818238370733,0.9150766340499972,,8.0,8.0,142.0,9.0,2.0,0.0,0.0,0.0,8.0,33.0,1.0,2.0,2.0,0.0,0.0,8.0,16.0,1.0,1.0,0.0,0.0
12,28,0,1.5,bounded,soft,157.23188453809638,False,0.41432320899912156,18.449316532138102,True,5.558411209000042,max_iterations,220800,18.25699639215948,False,0.0005681809949017546,18.246623113785464,True,1578,2581,300.3391102089954,18.246623113785464,138.98526142431092,7.6170401809475905,0.20269341835263788,0.011108544144779395,,26.0,6.0,456.0,10.0,2.0,0.0,0.0,3.0,8.0,37.0,2.0,2.0,172.0,0.0,3.0,8.0,18.0,0.08333333333333304,1.0,180.0,0.0
12,28,1,1.5,bounded,hard,97.02702853683935,True,0.5703089169983286,0.409986465976458,True,5.955849542020587,max_iterations,217600,0.2369660032535064,False,0.09236911387501814,0.2150776616925755,True,1522,2520,300.1201829589845,0.2150776616925755,96.81195087514678,450.12555052568126,0.1949088042838825,0.9062252339458587,,16.0,7.0,281.3333333333334,10.0,2.0,7.0,0.0,0.0,8.0,43.666666666666686,2.0,2.0,72.0,0.0,0.0,8.0,20.66666666666663,1.0,1.0,84.0,0.0
12,28,2,1.5,bounded,soft,151.36982033319916,False,0.5921552920190152,12.330514030833214,True,5.775240582996048,max_iterations,224000,12.249624597287685,False,0.0010091000430924317,12.237263508527825,True,1586,2562,300.21704808299546,12.237263508527825,139.13255682467133,11.369580848505349,0.09325052230538944,0.0076202103714123354,,25.0,5.0,451.0,11.0,3.0,16.0,0.0,2.0,8.0,41.0,2.0,1.0,162.0,0.0,2.0,7.0,18.0,0.08333333333333304,1.0,180.0,0.0
12,28,3,1.5,certified,soft,139.46556543933409,False,0.656573207990732,6.560015813678303,True,5.856474959000479,max_iterations,214400,6.375106575077474,True,1.0190872413370191e-09,6.3751065685806845,True,1562,2499,0.8445821659988724,6.375106575077474,133.09045886425662,20.876585716159454,0.18490923860082908,0.029004885867116966,,23.0,6.0,426.8333333333334,11.0,4.0,23.0,0.0,1.0,8.0,62.49999999999994,1.0,3.0,169.0,0.0,1.0,8.0,42.0,0.0,2.0,138.0,0.0
12,28,4,1.5,bounded,hard,139.16985671121532,True,0.531215124996379,6.467615257520748,True,5.898847667005612,max_iterations,220800,0.27266797017612765,False,0.160409935963828,0.22892931854078796,True,1530,2561,301.0328980839986,0.22892931854078796,138.94092739267452,606.9162668997316,6.23868593897996,27.251581312283612,,23.0,6.0,405.0,10.0,2.0,0.0,0.0,1.0,7.0,41.0,3.0,2.0,158.0,0.0,0.0,8.0,9.0,2.0,1.0,141.0,0.0
